1,DV-N1,AS-POWER DEMO-AP1-13    
2,DV-N2,AS-POWER DEMO-AP1-14 
3,DV-N3,AS-POWER DEMO-AP1-89 
4,DV-N4,AS-POWER DEMO-CEMSB26-2 
5,DV-N5,AS-POWER DEMO-CEMSB26-3 
6,DV-N6,AS-POWER DEMO-CEMSB26-4 
7,DV-N7,AS-POWER DEMO-CEMSB26-6 
8,DV-N8,AS-POWER DEMO-CEMSB26-7 
9,DV-N9,AS-POWER DEMO-Clean1-1 
10,DV-N10,AS-POWER DEMO-Clean1-2 
11,DV-N11,AS-POWER DEMO-Clean1-3 
12,DV-N12,AS-POWER DEMO-Create11-1 
13,DV-N13,AS-POWER DEMO-Create11-2 
14,DV-N14,AS-POWER DEMO-Create11-3 
15,DV-N15,AS-POWER DEMO-DST1-10 
16,DV-N16,AS-POWER DEMO-DST1-11 
17,DV-N17,AS-POWER DEMO-DST1-12 
18,DV-N18,AS-POWER DEMO-DST1-13 
19,DV-N19,AS-POWER DEMO-DST1-14 
20,DV-N20,AS-POWER DEMO-DST1-9 
21,DV-N21,AS-POWER DEMO-LETGO1-1 
22,DV-N22,AS-POWER DEMO-LETGO1-2 
23,DV-N23,AS-POWER DEMO-LETGO1-3 
24,DV-N24,AS-POWER DEMO-TBU625 
25,DV-N25,AS-POWER DEMO-Test1-1 
26,DV-N26,AS-POWER DEMO-Test1-2 
27,DV-N27,AS-POWER DEMO-Test1-3 
28,DV-N28,POWER-6.4.61.2123 
